<?xml version="1.0" encoding="utf-8"?>
<WebHelpSystem DefaultUrl="Content/CoverPage-Help.htm" Toc="Data/Toc.js" Index="Data/Index.js" Concepts="Data/Concepts.js" BrowseSequence="Data/BrowseSequence.js" Glossary="Data/Glossary.js" SearchDatabase="Data/Search.js" Alias="Data/Alias.xml" Synonyms="Data/Synonyms.xml" SearchFilterSet="Data/Filters.js" SearchUrl="Content/Search.htm" SkinName="HTML5-Stratasys-TopNav" Skins="HTML5-PJ-Studio-TopNav,HTML5-PrinterHelp-TopNav,HTML5-slideshow,HTML5-Stratasys-TopNav-PreOct2015,HTML5-Stratasys-TopNav,HTML5,NewSkin" BuildTime="29-Oct-15 01:35:18 PM" BuildVersion="11.1.0.17275" TargetType="WebHelp2" SkinTemplateFolder="Skin/" InPreviewMode="false" MoveOutputContentToRoot="false" MakeFileLowerCase="false" UseCustomTopicFileExtension="false" PreventExternalUrls="false" EnableResponsiveOutput="true" IncludeGlossarySearchResults="true" ResultsPerPage="20">
    <CatapultSkin Version="2" SkinType="WebHelp2" ComponentType="MasterPage" TemplateName="Fluid" Comment="HTML5 Top Navigation skin" EnableResponsiveOutput="True" Name="HTML5-PJ-Studio-TopNav">
        <WebHelpOptions NavigationPanePosition="Right" TopMenuDepth="4" />
    </CatapultSkin>
    <CatapultSkin Version="2" SkinType="WebHelp2" ComponentType="MasterPage" TemplateName="Fluid" Comment="HTML5 Top Navigation skin" EnableResponsiveOutput="True" Name="HTML5-PrinterHelp-TopNav">
        <WebHelpOptions NavigationPanePosition="Right" />
    </CatapultSkin>
    <CatapultSkin Version="2" SkinType="WebHelp2" Comment="HTML5 skin" Anchors="Width,Height" Width="800" Height="600" Top="0" Left="0" Bottom="0" Right="0" Tabs="" DefaultTab="TOC" UseBrowserDefaultSize="true" UseDefaultBrowserSetup="True" EnableResponsiveOutput="True" DisplayCommunitySearchResults="false" DisplayNotificationOptions="false" AutoSyncTOC="true" CommentsInTopic="false" DisplaySearchBar="false" Name="HTML5-slideshow">
        <WebHelpOptions NavigationPaneWidth="0" HideNavigationOnStartup="true" />
        <Toolbar EnableCustomLayout="true" Buttons="">
            <Script>$(document).ready(function(){
   $('head').append('&lt;link rel="shortcut icon" href="Content/Resources/Images/favicon.ico" type="image/x-icon" /&gt;');
});</Script>
        </Toolbar>
    </CatapultSkin>
    <CatapultSkin Version="2" SkinType="WebHelp2" ComponentType="MasterPage" TemplateName="Fluid" Comment="HTML5 Top Navigation skin" EnableResponsiveOutput="True" Name="HTML5-Stratasys-TopNav-PreOct2015">
        <WebHelpOptions NavigationPanePosition="Right" TopMenuDepth="4" />
    </CatapultSkin>
    <CatapultSkin Version="2" SkinType="WebHelp2" ComponentType="MasterPage" TemplateName="Fluid" Comment="HTML5 Top Navigation skin" EnableResponsiveOutput="True" Name="HTML5-Stratasys-TopNav">
        <WebHelpOptions NavigationPanePosition="Right" TopMenuDepth="4" />
    </CatapultSkin>
    <CatapultSkin Version="2" SkinType="WebHelp2" Comment="HTML5 skin" Anchors="Width,Height" Width="800" Height="600" Top="0" Left="0" Bottom="0" Right="0" Tabs="TOC,Community" DefaultTab="TOC" UseBrowserDefaultSize="true" UseDefaultBrowserSetup="True" EnableResponsiveOutput="True" DisplayCommunitySearchResults="false" DisplayNotificationOptions="false" AutoSyncTOC="true" CommentsInTopic="false" Name="HTML5">
        <WebHelpOptions NavigationPaneWidth="285" />
        <Toolbar EnableCustomLayout="true" Buttons="Print|RemoveHighlight|Separator|Separator|Filler|PreviousTopic|CurrentTopicIndex|NextTopic">
            <Script>$(document).ready(function(){
   $('head').append('&lt;link rel="shortcut icon" href="Content/Resources/Images/favicon.ico" type="image/x-icon" /&gt;');
});</Script>
        </Toolbar>
    </CatapultSkin>
    <CatapultSkin Version="2" SkinType="WebHelp2" ComponentType="MasterPage" TemplateName="Fluid" Comment="HTML5 Top Navigation skin" EnableResponsiveOutput="True" Name="NewSkin">
        <WebHelpOptions NavigationPanePosition="Right" />
    </CatapultSkin>
</WebHelpSystem>